{"fx": 553.1471312293049, "fy": 542.8779881963433, "cx": 308.76480621941033, "cy": 247.37852501139187}